<?xml version="1.0" encoding="utf-8"?>
<SimscapeMultibodyImportXML xmlns="urn:mathworks:SimscapeMultibody:import"
                            xmlns:xsi="http://www.w3.org/2001/XMLSchema-instance"
                            version="2.0">
   <Created by="Augustas Gerardas Pugžlys" from="Onshape" on="10/18/25||12:20:05"
            using="Simscape Multibody Exporter"/>
   <ModelUnits length="meter" mass="gram"/>
   <DataUnits length="meter" mass="kilogram"/>
   <RootAssembly name="Full Assembly" uid="ed66900aa7f6bdcce093dddf"
                 version="w-c856a4673cd548697f6cd7d4">
      <InstanceTree>
         <Instance entityUid="JHD*:*7c0b508be7796974fcf3f21b" name="Part 1 &lt;3&gt;"
                   uid="MM45x8a0swVA6ViW4">
            <Transform>
               <Rotation>-0.012500000 0.000000000 0.999921872 -0.000000000 -1.000000000 0.000000000 0.999921872 -0.000000000 0.012500000 </Rotation>
               <Translation>0.199984374 0.012200000 0.051300000 </Translation>
            </Transform>
         </Instance>
         <Instance entityUid="21e0d1c75f5bb2ceb4ea1d58" name="GM3506 &lt;1&gt;" uid="MRJT7wlZiiWGz3txu">
            <Transform>
               <Rotation>1.000000000 0.000000000 0.000000000 0.000000000 1.000000000 0.000000000 0.000000000 0.000000000 1.000000000 </Rotation>
               <Translation>0.011325501 0.036863367 0.034520335 </Translation>
            </Transform>
            <Instance entityUid="JKD*:*a4790b6086507d3c8bfc72c3" name="Part 2 &lt;1&gt;"
                      uid="MHfUknCADyeq9nSHC">
               <Transform>
                  <Rotation>0.000000000 -1.000000000 0.000000000 -1.000000000 0.000000000 0.000000000 0.000000000 0.000000000 -1.000000000 </Rotation>
                  <Translation>-0.011325501 -0.036863367 -0.016720335 </Translation>
               </Transform>
            </Instance>
            <Instance entityUid="JHD*:*a4790b6086507d3c8bfc72c3" name="Part 1 &lt;1&gt;"
                      uid="Mx5Ddc684/gerRtZD">
               <Transform>
                  <Rotation>1.000000000 0.000000000 0.000000000 0.000000000 -1.000000000 -0.000000000 -0.000000000 0.000000000 -1.000000000 </Rotation>
                  <Translation>-0.011325501 -0.036863367 -0.016720335 </Translation>
               </Transform>
            </Instance>
         </Instance>
         <Instance entityUid="21e0d1c75f5bb2ceb4ea1d58" name="GM3506 &lt;2&gt;" uid="MUyEEbKdQICABo85f">
            <Transform>
               <Rotation>1.000000000 0.000000000 0.000000000 0.000000000 1.000000000 0.000000000 0.000000000 0.000000000 1.000000000 </Rotation>
               <Translation>-0.027792971 0.033526129 0.006900200 </Translation>
            </Transform>
            <Instance entityUid="JKD*:*a4790b6086507d3c8bfc72c3" name="Part 2 &lt;1&gt;"
                      uid="MHfUknCADyeq9nSHC">
               <Transform>
                  <Rotation>-1.000000000 -0.000000000 -0.000000000 -0.000000000 0.000000000 1.000000000 0.000000000 1.000000000 -0.000000000 </Rotation>
                  <Translation>0.027792971 -0.036326129 0.041899800 </Translation>
               </Transform>
            </Instance>
            <Instance entityUid="JHD*:*a4790b6086507d3c8bfc72c3" name="Part 1 &lt;1&gt;"
                      uid="Mx5Ddc684/gerRtZD">
               <Transform>
                  <Rotation>0.999921872 0.012500000 -0.000000000 -0.000000000 0.000000000 1.000000000 0.012500000 -0.999921872 -0.000000000 </Rotation>
                  <Translation>0.027792971 -0.036326129 0.041899800 </Translation>
               </Transform>
            </Instance>
         </Instance>
         <Instance entityUid="3c4a2de4e646d6c16c77ed46" name="GBM2804 &lt;1&gt;" uid="MW7w/vua8/p2bCSSd">
            <Transform>
               <Rotation>1.000000000 0.000000000 0.000000000 0.000000000 1.000000000 0.000000000 0.000000000 0.000000000 1.000000000 </Rotation>
               <Translation>0.215022443 0.134927683 0.215415547 </Translation>
            </Transform>
            <Instance entityUid="JHD*:*5798b0cb2b4bd931bd56bf1c" name="Part 1 &lt;1&gt;"
                      uid="M/ArWtQV1sqjLC5kA">
               <Transform>
                  <Rotation>0.012500000 0.999921872 0.000000000 0.000000000 -0.000000000 -1.000000000 -0.999921872 0.012500000 -0.000000000 </Rotation>
                  <Translation>-0.015038069 -0.122727683 -0.164115547 </Translation>
               </Transform>
            </Instance>
            <Instance entityUid="JID*:*5798b0cb2b4bd931bd56bf1c" name="Part 2 &lt;1&gt;"
                      uid="Me/RhIiye7QNBkNEX">
               <Transform>
                  <Rotation>0.012500000 0.999921872 0.000000000 0.000000000 -0.000000000 -1.000000000 -0.999921872 0.012500000 -0.000000000 </Rotation>
                  <Translation>-0.015038069 -0.122727683 -0.164115547 </Translation>
               </Transform>
            </Instance>
         </Instance>
         <Instance entityUid="JHD*:*e70c3ddbc695d4288bc97441" name="Base &lt;1&gt;"
                   uid="MiVEpAytcHXeHO8zX">
            <Transform>
               <Rotation>0.000000000 1.000000000 -0.000000000 -1.000000000 0.000000000 0.000000000 0.000000000 -0.000000000 1.000000000 </Rotation>
               <Translation>0.000467634 -0.000000000 -0.010000000 </Translation>
            </Transform>
         </Instance>
         <Instance entityUid="JHD*:*bc7635f1117e7652cae453a4" name="Part 1 &lt;1&gt;"
                   uid="MnGSCT6X/E8yHTlXY">
            <Transform>
               <Rotation>-1.000000000 0.000000000 -0.000000000 -0.000000000 -1.000000000 0.000000000 0.000000000 0.000000000 1.000000000 </Rotation>
               <Translation>0.000000000 0.000000000 0.017800000 </Translation>
            </Transform>
         </Instance>
         <Instance entityUid="JHD*:*232b2b52920ce7cf37ce2fec" name="Part 1 &lt;2&gt;"
                   uid="Mz1fJ+007AbNpGqiV">
            <Transform>
               <Rotation>0.012500000 -0.000000000 0.999921872 0.000000000 1.000000000 0.000000000 -0.999921872 0.000000000 0.012500000 </Rotation>
               <Translation>0.000000000 -0.002800000 0.048800000 </Translation>
            </Transform>
         </Instance>
      </InstanceTree>
      <Constraints/>
      <Joints>
         <Weld name="Fastened6">
            <BaseFrame>
               <InstancePath>
                  <Uid>Mz1fJ+007AbNpGqiV</Uid>
               </InstancePath>
               <Transform>
                  <Rotation>1.000000000 0.000000000 -0.000000000 0.000000000 0.000000000 -1.000000000 0.000000000 1.000000000 -0.000000000 </Rotation>
                  <Translation>-0.000000000 0.000000000 0.200000000 </Translation>
               </Transform>
            </BaseFrame>
            <FollowerFrame>
               <InstancePath>
                  <Uid>MW7w/vua8/p2bCSSd</Uid>
                  <Uid>Me/RhIiye7QNBkNEX</Uid>
               </InstancePath>
               <Transform>
                  <Rotation>1.000000000 0.000000000 0.000000000 0.000000000 1.000000000 0.000000000 0.000000000 0.000000000 1.000000000 </Rotation>
                  <Translation>0.000000000 0.000000000 0.015000000 </Translation>
               </Transform>
            </FollowerFrame>
         </Weld>
         <Weld name="Fastened2">
            <BaseFrame>
               <InstancePath>
                  <Uid>MW7w/vua8/p2bCSSd</Uid>
                  <Uid>M/ArWtQV1sqjLC5kA</Uid>
               </InstancePath>
               <Transform>
                  <Rotation>-1.000000000 0.000000000 -0.000000000 -0.000000000 -1.000000000 -0.000000000 -0.000000000 0.000000000 1.000000000 </Rotation>
                  <Translation>0.000000000 -0.000000000 0.000000000 </Translation>
               </Transform>
            </BaseFrame>
            <FollowerFrame>
               <InstancePath>
                  <Uid>MM45x8a0swVA6ViW4</Uid>
               </InstancePath>
               <Transform>
                  <Rotation>1.000000000 0.000000000 0.000000000 0.000000000 0.000000000 1.000000000 0.000000000 -1.000000000 0.000000000 </Rotation>
                  <Translation>0.000000000 0.000000000 0.000000000 </Translation>
               </Transform>
            </FollowerFrame>
         </Weld>
         <Weld name="Fastened3">
            <BaseFrame>
               <InstancePath>
                  <Uid>MiVEpAytcHXeHO8zX</Uid>
               </InstancePath>
               <Transform>
                  <Rotation>1.000000000 0.000000000 -0.000000000 0.000000000 -1.000000000 -0.000000000 0.000000000 0.000000000 -1.000000000 </Rotation>
                  <Translation>0.000000000 0.000000000 0.010000000 </Translation>
               </Transform>
            </BaseFrame>
            <FollowerFrame>
               <InstancePath>
                  <Uid>MRJT7wlZiiWGz3txu</Uid>
                  <Uid>MHfUknCADyeq9nSHC</Uid>
               </InstancePath>
               <Transform>
                  <Rotation>1.000000000 0.000000000 0.000000000 0.000000000 1.000000000 0.000000000 0.000000000 0.000000000 1.000000000 </Rotation>
                  <Translation>-0.000000000 -0.000467634 0.017800000 </Translation>
               </Transform>
            </FollowerFrame>
         </Weld>
         <Weld name="Fastened4">
            <BaseFrame>
               <InstancePath>
                  <Uid>MUyEEbKdQICABo85f</Uid>
                  <Uid>Mx5Ddc684/gerRtZD</Uid>
               </InstancePath>
               <Transform>
                  <Rotation>-0.000000000 -1.000000000 -0.000000000 1.000000000 -0.000000000 -0.000000000 -0.000000000 -0.000000000 1.000000000 </Rotation>
                  <Translation>0.000000000 0.000000000 0.000000000 </Translation>
               </Transform>
            </BaseFrame>
            <FollowerFrame>
               <InstancePath>
                  <Uid>Mz1fJ+007AbNpGqiV</Uid>
               </InstancePath>
               <Transform>
                  <Rotation>1.000000000 0.000000000 0.000000000 0.000000000 0.000000000 1.000000000 0.000000000 -1.000000000 0.000000000 </Rotation>
                  <Translation>0.000000000 0.000000000 0.000000000 </Translation>
               </Transform>
            </FollowerFrame>
         </Weld>
         <Weld name="Fastened5">
            <BaseFrame>
               <InstancePath>
                  <Uid>MUyEEbKdQICABo85f</Uid>
                  <Uid>MHfUknCADyeq9nSHC</Uid>
               </InstancePath>
               <Transform>
                  <Rotation>1.000000000 0.000000000 -0.000000000 0.000000000 -1.000000000 -0.000000000 0.000000000 0.000000000 -1.000000000 </Rotation>
                  <Translation>0.000000000 0.000000000 0.017800000 </Translation>
               </Transform>
            </BaseFrame>
            <FollowerFrame>
               <InstancePath>
                  <Uid>MnGSCT6X/E8yHTlXY</Uid>
               </InstancePath>
               <Transform>
                  <Rotation>1.000000000 0.000000000 0.000000000 0.000000000 0.000000000 1.000000000 0.000000000 -1.000000000 0.000000000 </Rotation>
                  <Translation>0.000000000 -0.015000000 0.031000000 </Translation>
               </Transform>
            </FollowerFrame>
         </Weld>
         <Weld name="Fastened7">
            <BaseFrame>
               <InstancePath>
                  <Uid>MRJT7wlZiiWGz3txu</Uid>
                  <Uid>Mx5Ddc684/gerRtZD</Uid>
               </InstancePath>
               <Transform>
                  <Rotation>-1.000000000 0.000000000 -0.000000000 -0.000000000 -1.000000000 -0.000000000 -0.000000000 0.000000000 1.000000000 </Rotation>
                  <Translation>0.000000000 0.000000000 0.000000000 </Translation>
               </Transform>
            </BaseFrame>
            <FollowerFrame>
               <InstancePath>
                  <Uid>MnGSCT6X/E8yHTlXY</Uid>
               </InstancePath>
               <Transform>
                  <Rotation>1.000000000 0.000000000 0.000000000 0.000000000 -1.000000000 0.000000000 0.000000000 0.000000000 -1.000000000 </Rotation>
                  <Translation>0.000000000 0.000000000 0.000000000 </Translation>
               </Transform>
            </FollowerFrame>
         </Weld>
         <Weld name="Fastened1">
            <BaseFrame>
               <InstancePath/>
               <Transform>
                  <Rotation>-0.000000000 -1.000000000 -0.000000000 -1.000000000 0.000000000 -0.000000000 -0.000000000 0.000000000 -1.000000000 </Rotation>
                  <Translation>0.000000000 0.000000000 0.000000000 </Translation>
               </Transform>
            </BaseFrame>
            <FollowerFrame>
               <InstancePath>
                  <Uid>MRJT7wlZiiWGz3txu</Uid>
                  <Uid>MHfUknCADyeq9nSHC</Uid>
               </InstancePath>
               <Transform>
                  <Rotation>1.000000000 0.000000000 0.000000000 0.000000000 1.000000000 0.000000000 0.000000000 0.000000000 1.000000000 </Rotation>
                  <Translation>0.000000000 0.000000000 0.017800000 </Translation>
               </Transform>
            </FollowerFrame>
         </Weld>
      </Joints>
   </RootAssembly>
   <Assemblies>
      <Assembly name="GM3506" uid="21e0d1c75f5bb2ceb4ea1d58">
         <ModelUnits length="meter" mass="gram"/>
         <Constraints/>
         <Joints>
            <Revolute name="Revolute1">
               <BaseFrame>
                  <InstancePath>
                     <Uid>MHfUknCADyeq9nSHC</Uid>
                  </InstancePath>
                  <Transform>
                     <Rotation>1.000000000 -0.000000000 -0.000000000 0.000000000 1.000000000 -0.000000000 0.000000000 0.000000000 1.000000000 </Rotation>
                     <Translation>0.000000000 0.000000000 0.014000000 </Translation>
                  </Transform>
               </BaseFrame>
               <FollowerFrame>
                  <InstancePath>
                     <Uid>Mx5Ddc684/gerRtZD</Uid>
                  </InstancePath>
                  <Transform>
                     <Rotation>1.000000000 0.000000000 0.000000000 0.000000000 1.000000000 0.000000000 0.000000000 0.000000000 1.000000000 </Rotation>
                     <Translation>0.000000000 0.000000000 0.014000000 </Translation>
                  </Transform>
               </FollowerFrame>
            </Revolute>
         </Joints>
      </Assembly>
      <Assembly name="GBM2804" uid="3c4a2de4e646d6c16c77ed46">
         <ModelUnits length="meter" mass="gram"/>
         <Constraints/>
         <Joints>
            <Revolute name="Revolute1">
               <BaseFrame>
                  <InstancePath>
                     <Uid>M/ArWtQV1sqjLC5kA</Uid>
                  </InstancePath>
                  <Transform>
                     <Rotation>1.000000000 0.000000000 -0.000000000 0.000000000 -1.000000000 -0.000000000 0.000000000 0.000000000 -1.000000000 </Rotation>
                     <Translation>-0.000000000 0.000000000 0.011000000 </Translation>
                  </Transform>
               </BaseFrame>
               <FollowerFrame>
                  <InstancePath>
                     <Uid>Me/RhIiye7QNBkNEX</Uid>
                  </InstancePath>
                  <Transform>
                     <Rotation>1.000000000 0.000000000 0.000000000 0.000000000 -1.000000000 0.000000000 0.000000000 0.000000000 -1.000000000 </Rotation>
                     <Translation>-0.000000000 0.000000000 0.011000000 </Translation>
                  </Transform>
               </FollowerFrame>
            </Revolute>
         </Joints>
      </Assembly>
   </Assemblies>
   <Parts>
      <Part name="Part 1" uid="JHD*:*232b2b52920ce7cf37ce2fec">
         <ModelUnits length="meter" mass="gram"/>
         <MassProperties>
            <Mass>0.103038407</Mass>
            <CenterOfMass>0.000000000 -0.004996810 0.092060670 </CenterOfMass>
            <Inertia>0.000424836 0.000436078 0.000012958 -0.000000034 0.000000000 0.000000000 </Inertia>
         </MassProperties>
         <GeometryFile name="Part 1.step" type="STEP"/>
         <VisualProperties>
            <Ambient a="1.000000000" b="0.929411765" g="0.811764706" r="0.615686275"/>
            <Diffuse a="1.000000000" b="0.929411765" g="0.811764706" r="0.615686275"/>
            <Specular a="1.000000000" b="0.929411765" g="0.811764706" r="0.615686275"/>
            <Emissive a="1" b="0" g="0" r="0"/>
            <Shininess>0.5</Shininess>
         </VisualProperties>
      </Part>
      <Part name="Part 1" uid="JHD*:*5798b0cb2b4bd931bd56bf1c">
         <ModelUnits length="meter" mass="gram"/>
         <MassProperties>
            <Mass>0.0216028729</Mass>
            <CenterOfMass>-0.000000000 0.000000000 0.005535116 </CenterOfMass>
            <Inertia>0.000001891 0.000001891 0.000003348 0.000000000 0.000000000 0.000000000 </Inertia>
         </MassProperties>
         <GeometryFile name="Part 11.step" type="STEP"/>
         <VisualProperties>
            <Ambient a="1.000000000" b="0.929411765" g="0.811764706" r="0.615686275"/>
            <Diffuse a="1.000000000" b="0.929411765" g="0.811764706" r="0.615686275"/>
            <Specular a="1.000000000" b="0.929411765" g="0.811764706" r="0.615686275"/>
            <Emissive a="1" b="0" g="0" r="0"/>
            <Shininess>0.5</Shininess>
         </VisualProperties>
      </Part>
      <Part name="Part 2" uid="JID*:*5798b0cb2b4bd931bd56bf1c">
         <ModelUnits length="meter" mass="gram"/>
         <MassProperties>
            <Mass>0.00883949375</Mass>
            <CenterOfMass>-0.000000000 0.000000000 0.013504126 </CenterOfMass>
            <Inertia>0.000000648 0.000000648 0.000001237 0.000000000 0.000000000 0.000000000 </Inertia>
         </MassProperties>
         <GeometryFile name="Part 2.step" type="STEP"/>
         <VisualProperties>
            <Ambient a="1.000000000" b="0.647058824" g="0.647058824" r="0.647058824"/>
            <Diffuse a="1.000000000" b="0.647058824" g="0.647058824" r="0.647058824"/>
            <Specular a="1.000000000" b="0.647058824" g="0.647058824" r="0.647058824"/>
            <Emissive a="1" b="0" g="0" r="0"/>
            <Shininess>0.5</Shininess>
         </VisualProperties>
      </Part>
      <Part name="Part 1" uid="JHD*:*7c0b508be7796974fcf3f21b">
         <ModelUnits length="meter" mass="gram"/>
         <MassProperties>
            <Mass>0.0604817468</Mass>
            <CenterOfMass>-0.000000793 0.005203154 0.071235338 </CenterOfMass>
            <Inertia>0.000196564 0.000196293 0.000007083 -0.000022182 0.000000006 0.000000000 </Inertia>
         </MassProperties>
         <GeometryFile name="Part 12.step" type="STEP"/>
         <VisualProperties>
            <Ambient a="1.000000000" b="0.929411765" g="0.811764706" r="0.615686275"/>
            <Diffuse a="1.000000000" b="0.929411765" g="0.811764706" r="0.615686275"/>
            <Specular a="1.000000000" b="0.929411765" g="0.811764706" r="0.615686275"/>
            <Emissive a="1" b="0" g="0" r="0"/>
            <Shininess>0.5</Shininess>
         </VisualProperties>
      </Part>
      <Part name="Part 1" uid="JHD*:*a4790b6086507d3c8bfc72c3">
         <ModelUnits length="meter" mass="gram"/>
         <MassProperties>
            <Mass>0.0383311136</Mass>
            <CenterOfMass>-0.000000000 0.000000000 0.007388510 </CenterOfMass>
            <Inertia>0.000004615 0.000004615 0.000007785 0.000000000 0.000000000 0.000000000 </Inertia>
         </MassProperties>
         <GeometryFile name="Part 13.step" type="STEP"/>
         <VisualProperties>
            <Ambient a="1.000000000" b="0.929411765" g="0.811764706" r="0.615686275"/>
            <Diffuse a="1.000000000" b="0.929411765" g="0.811764706" r="0.615686275"/>
            <Specular a="1.000000000" b="0.929411765" g="0.811764706" r="0.615686275"/>
            <Emissive a="1" b="0" g="0" r="0"/>
            <Shininess>0.5</Shininess>
         </VisualProperties>
      </Part>
      <Part name="Part 2" uid="JKD*:*a4790b6086507d3c8bfc72c3">
         <ModelUnits length="meter" mass="gram"/>
         <MassProperties>
            <Mass>0.00806633189</Mass>
            <CenterOfMass>-0.000000000 -0.000466632 0.015896606 </CenterOfMass>
            <Inertia>0.000000937 0.000001003 0.000001920 0.000000000 0.000000000 0.000000000 </Inertia>
         </MassProperties>
         <GeometryFile name="Part 21.step" type="STEP"/>
         <VisualProperties>
            <Ambient a="1.000000000" b="0.647058824" g="0.647058824" r="0.647058824"/>
            <Diffuse a="1.000000000" b="0.647058824" g="0.647058824" r="0.647058824"/>
            <Specular a="1.000000000" b="0.647058824" g="0.647058824" r="0.647058824"/>
            <Emissive a="1" b="0" g="0" r="0"/>
            <Shininess>0.5</Shininess>
         </VisualProperties>
      </Part>
      <Part name="Part 1" uid="JHD*:*bc7635f1117e7652cae453a4">
         <ModelUnits length="meter" mass="gram"/>
         <MassProperties>
            <Mass>0.030737752</Mass>
            <CenterOfMass>0.000009624 -0.011468119 0.018231828 </CenterOfMass>
            <Inertia>0.000011343 0.000014276 0.000009098 0.000002736 0.000000002 -0.000000001 </Inertia>
         </MassProperties>
         <GeometryFile name="Part 14.step" type="STEP"/>
         <VisualProperties>
            <Ambient a="1.000000000" b="0.929411765" g="0.811764706" r="0.615686275"/>
            <Diffuse a="1.000000000" b="0.929411765" g="0.811764706" r="0.615686275"/>
            <Specular a="1.000000000" b="0.929411765" g="0.811764706" r="0.615686275"/>
            <Emissive a="1" b="0" g="0" r="0"/>
            <Shininess>0.5</Shininess>
         </VisualProperties>
      </Part>
      <Part name="Base" uid="JHD*:*e70c3ddbc695d4288bc97441">
         <ModelUnits length="meter" mass="gram"/>
         <MassProperties>
            <Mass>0.0723104797</Mass>
            <CenterOfMass>-0.009331897 -0.007527382 0.005020748 </CenterOfMass>
            <Inertia>0.000060219 0.000061015 0.000120024 0.000000198 0.000000060 0.000005984 </Inertia>
         </MassProperties>
         <GeometryFile name="Base1.step" type="STEP"/>
         <VisualProperties>
            <Ambient a="1.000000000" b="0.929411765" g="0.811764706" r="0.615686275"/>
            <Diffuse a="1.000000000" b="0.929411765" g="0.811764706" r="0.615686275"/>
            <Specular a="1.000000000" b="0.929411765" g="0.811764706" r="0.615686275"/>
            <Emissive a="1" b="0" g="0" r="0"/>
            <Shininess>0.5</Shininess>
         </VisualProperties>
      </Part>
   </Parts>
</SimscapeMultibodyImportXML>